{
  "currentCoin": "ETH",
  "ratios": {
    "BTC-ETH": 33.506065236911176,
    "BTC-BNB": 122.55206196642898,
    "BTC-SOL": 907.5233245363167,
    "ETH-BTC": 0.029836091508309084,
    "ETH-BNB": 3.7029696691030742,
    "ETH-SOL": 26.786306169469288,
    "BNB-BTC": 0.008078789184518823,
    "BNB-ETH": 0.27005352172982233,
    "BNB-SOL": 7.292166476985507,
    "SOL-BTC": 0.0011036395229513973,
    "SOL-ETH": 0.036654952035649,
    "SOL-BNB": 0.1350758746884563
  },
  "initialized": true
}