{
  "currentCoin": "BNB",
  "ratios": {
    "BTC-ETH": 33.506065236911176,
    "BTC-BNB": 122.55206196642898,
    "BTC-SOL": 907.5233245363167,
    "ETH-BTC": 0.029839035599557338,
    "ETH-BNB": 3.702959621218831,
    "ETH-SOL": 27.098827081639765,
    "BNB-BTC": 0.008077771055915638,
    "BNB-ETH": 0.2701199268160785,
    "BNB-SOL": 7.318414332664756,
    "SOL-BTC": 0.0011036753477756205,
    "SOL-ETH": 0.036902386001414926,
    "SOL-BNB": 0.13661687909715717
  },
  "initialized": true
}