{
  "currentCoin": "BTC",
  "ratios": {
    "BTC-ETH": 33.237192195880844,
    "BTC-BNB": 123.34514253775674,
    "BTC-SOL": 910.5257423573767,
    "ETH-BTC": 0.02996252360658641,
    "ETH-BNB": 3.695901390685125,
    "ETH-SOL": 27.272341509524413,
    "BNB-BTC": 0.008130522577765854,
    "BNB-ETH": 0.27057670564008235,
    "BNB-SOL": 7.350254909400952,
    "SOL-BTC": 0.0011036753477756205,
    "SOL-ETH": 0.036902386001414926,
    "SOL-BNB": 0.13661687909715717
  },
  "initialized": true
}