{
  "currentCoin": "BTC",
  "ratios": {
    "BTC-ETH": 33.213250549120545,
    "BTC-BNB": 122.38891664271421,
    "BTC-SOL": 906.1436788764345,
    "ETH-BTC": 0.030108879200770627,
    "ETH-BNB": 3.685064832634003,
    "ETH-SOL": 27.281443419362375,
    "BNB-BTC": 0.008170515463970674,
    "BNB-ETH": 0.2713656463094632,
    "BNB-SOL": 7.403246525750323,
    "SOL-BTC": 0.0011036395229513973,
    "SOL-ETH": 0.036654952035649,
    "SOL-BNB": 0.1350758746884563
  },
  "initialized": true
}