{
  "currentCoin": "BNB",
  "ratios": {
    "BTC-ETH": 33.506065236911176,
    "BTC-BNB": 122.55206196642898,
    "BTC-SOL": 907.5233245363167,
    "ETH-BTC": 0.029836091508309084,
    "ETH-BNB": 3.6766947134465786,
    "ETH-SOL": 26.786306169469288,
    "BNB-BTC": 0.008098834261990434,
    "BNB-ETH": 0.2702329576151542,
    "BNB-SOL": 7.311593305492124,
    "SOL-BTC": 0.0011036395229513973,
    "SOL-ETH": 0.036654952035649,
    "SOL-BNB": 0.1350758746884563
  },
  "initialized": true
}