{
  "currentCoin": "BNB",
  "ratios": {
    "BTC-ETH": 33.506065236911176,
    "BTC-BNB": 122.55173487483802,
    "BTC-SOL": 907.518534995886,
    "ETH-BTC": 0.02983903561142492,
    "ETH-BNB": 3.702959621218831,
    "ETH-SOL": 27.098827081639765,
    "BNB-BTC": 0.008074402364669992,
    "BNB-ETH": 0.27027038256216207,
    "BNB-SOL": 7.326440613657364,
    "SOL-BTC": 0.0011036753477756205,
    "SOL-ETH": 0.036902386001414926,
    "SOL-BNB": 0.13661687909715717
  },
  "initialized": true
}