{
  "currentCoin": "ETH",
  "ratios": {
    "BTC-ETH": 33.506065236911176,
    "BTC-BNB": 122.55173487483802,
    "BTC-SOL": 907.518534995886,
    "ETH-BTC": 0.029889090171324698,
    "ETH-BNB": 3.6590278658559265,
    "ETH-SOL": 27.261528804130094,
    "BNB-BTC": 0.008059340522723014,
    "BNB-ETH": 0.2728719277830671,
    "BNB-SOL": 7.349320217603724,
    "SOL-BTC": 0.0011036753477756205,
    "SOL-ETH": 0.036902386001414926,
    "SOL-BNB": 0.13661687909715717
  },
  "initialized": true
}