{
  "currentCoin": "ETH",
  "ratios": {
    "BTC-ETH": 33.597876772156155,
    "BTC-BNB": 123.14413967119093,
    "BTC-SOL": 913.2877038642503,
    "ETH-BTC": 0.029693967873520882,
    "ETH-BNB": 3.672872010968256,
    "ETH-SOL": 27.234286208769667,
    "BNB-BTC": 0.008130522577765854,
    "BNB-ETH": 0.27057670564008235,
    "BNB-SOL": 7.350254909400952,
    "SOL-BTC": 0.0011036753477756205,
    "SOL-ETH": 0.036902386001414926,
    "SOL-BNB": 0.13661687909715717
  },
  "initialized": true
}