{
  "currentCoin": "BNB",
  "ratios": {
    "BTC-ETH": 33.506065236911176,
    "BTC-BNB": 122.55173487483802,
    "BTC-SOL": 907.518534995886,
    "ETH-BTC": 0.029836091520418863,
    "ETH-BNB": 3.6766947134465786,
    "ETH-SOL": 26.786306046228944,
    "BNB-BTC": 0.008158055855447634,
    "BNB-ETH": 0.27218581659843094,
    "BNB-SOL": 7.3706059555126915,
    "SOL-BTC": 0.0011036395229513973,
    "SOL-ETH": 0.036654952035649,
    "SOL-BNB": 0.1350758746884563
  },
  "initialized": true
}