{
  "currentCoin": "BTC",
  "ratios": {
    "BTC-ETH": 33.22798931157239,
    "BTC-BNB": 123.19406941137711,
    "BTC-SOL": 909.814943010451,
    "ETH-BTC": 0.02996252360658641,
    "ETH-BNB": 3.695901390685125,
    "ETH-SOL": 27.272341509524413,
    "BNB-BTC": 0.008130522577765854,
    "BNB-ETH": 0.27057670564008235,
    "BNB-SOL": 7.350254909400952,
    "SOL-BTC": 0.0011036753477756205,
    "SOL-ETH": 0.036902386001414926,
    "SOL-BNB": 0.13661687909715717
  },
  "initialized": true
}