{
  "currentCoin": "ETH",
  "ratios": {
    "BTC-ETH": 33.506065236911176,
    "BTC-BNB": 122.55173487483802,
    "BTC-SOL": 907.518534995886,
    "ETH-BTC": 0.029738623012886784,
    "ETH-BNB": 3.644185487077971,
    "ETH-SOL": 27.037069523087496,
    "BNB-BTC": 0.008170515463970674,
    "BNB-ETH": 0.2713656463094632,
    "BNB-SOL": 7.403246525750323,
    "SOL-BTC": 0.0011036395229513973,
    "SOL-ETH": 0.036654952035649,
    "SOL-BNB": 0.1350758746884563
  },
  "initialized": true
}