{
  "currentCoin": "ETH",
  "ratios": {
    "BTC-ETH": 33.506065236911176,
    "BTC-BNB": 122.55206196642898,
    "BTC-SOL": 907.5233245363167,
    "ETH-BTC": 0.029864026904326445,
    "ETH-BNB": 3.6779247580534067,
    "ETH-SOL": 27.220339118973005,
    "BNB-BTC": 0.008170515463970674,
    "BNB-ETH": 0.2713656463094632,
    "BNB-SOL": 7.403246525750323,
    "SOL-BTC": 0.0011036395229513973,
    "SOL-ETH": 0.036654952035649,
    "SOL-BNB": 0.1350758746884563
  },
  "initialized": true
}