{
  "currentCoin": "BNB",
  "ratios": {
    "BTC-ETH": 33.506065236911176,
    "BTC-BNB": 122.55173487483802,
    "BTC-SOL": 907.518534995886,
    "ETH-BTC": 0.02983903561142492,
    "ETH-BNB": 3.702959621218831,
    "ETH-SOL": 27.098827081639765,
    "BNB-BTC": 0.008074355162858383,
    "BNB-ETH": 0.2702796456211921,
    "BNB-SOL": 7.326733434371017,
    "SOL-BTC": 0.0011036753477756205,
    "SOL-ETH": 0.036902386001414926,
    "SOL-BNB": 0.13661687909715717
  },
  "initialized": true
}