{
  "currentCoin": "BNB",
  "ratios": {
    "BTC-ETH": 33.506065236911176,
    "BTC-BNB": 122.55173487483802,
    "BTC-SOL": 907.518534995886,
    "ETH-BTC": 0.02996252360658641,
    "ETH-BNB": 3.695901390685125,
    "ETH-SOL": 27.272341509524413,
    "BNB-BTC": 0.008059340522723014,
    "BNB-ETH": 0.2705699893726401,
    "BNB-SOL": 7.349320217603724,
    "SOL-BTC": 0.0011036753477756205,
    "SOL-ETH": 0.036902386001414926,
    "SOL-BNB": 0.13661687909715717
  },
  "initialized": true
}