{
  "currentCoin": "BTC",
  "ratios": {
    "BTC-ETH": 33.21279391809461,
    "BTC-BNB": 122.39129886109096,
    "BTC-SOL": 906.092958075441,
    "ETH-BTC": 0.030108879200770627,
    "ETH-BNB": 3.685064832634003,
    "ETH-SOL": 27.281443419362375,
    "BNB-BTC": 0.008170515463970674,
    "BNB-ETH": 0.2713656463094632,
    "BNB-SOL": 7.403246525750323,
    "SOL-BTC": 0.0011036395229513973,
    "SOL-ETH": 0.036654952035649,
    "SOL-BNB": 0.1350758746884563
  },
  "initialized": true
}