{
  "currentCoin": "SOL",
  "ratios": {
    "BTC-ETH": 33.506065236911176,
    "BTC-BNB": 122.55173487483802,
    "BTC-SOL": 907.518534995886,
    "ETH-BTC": 0.02983903561142492,
    "ETH-BNB": 3.702959621218831,
    "ETH-SOL": 27.098827081639765,
    "BNB-BTC": 0.00807878923598433,
    "BNB-ETH": 0.27005352172982233,
    "BNB-SOL": 7.292164586409028,
    "SOL-BTC": 0.0011036395229513973,
    "SOL-ETH": 0.03690196616212695,
    "SOL-BNB": 0.1350758746884563
  },
  "initialized": true
}